"","cond((Int))","disp((Int))","cond(scale(doy))","cond(I(scale(doy)^2))","cond(scale(obs.hours))","cond(scale(pressure))","cond(scale(tsm))","cond(scale(wind.dir.cos))","cond(scale(wind.dir.sin))","cond(scale(wind.speed))","cond(scale(year))","df","logLik","AICc","delta","weight"
"1",3.95755638625612,"+",0.0912345166358828,-1.0808642504029,0.537413243233484,0.266739040266283,-0.237832899990701,0.120921862972445,NA,0.283032257492754,NA,10,-2303.39610473126,4627.16445988554,0,0.16925063894568
"2",3.95262567117697,"+",0.0844279246299034,-1.07111487279574,0.564700806627498,0.280336486139973,-0.212098105064407,0.115041861599645,NA,0.275479166509704,0.153563570507516,11,-2302.5428308775,4627.53311938212,0.36865949658295,0.140759243585875
"3",3.95091303713527,"+",0.073184371725993,-1.06644191176573,0.542067234487083,0.260714476740677,-0.242539849440673,NA,NA,0.29341101607949,NA,9,-2304.85935908894,4628.02277223193,0.858312346390449,0.110192023685421
"4",3.94929344241024,"+",0.0944820978453934,-1.07605682628983,0.54407190331245,0.25764656419038,-0.239097833123028,0.121498214637857,-0.074379291776644,0.270674455555908,NA,11,-2302.8072579934,4628.06197361393,0.897513728386912,0.108053213432959
"5",3.94518719806098,"+",0.0657223035810411,-1.05641141904252,0.571942643441924,0.274612664216635,-0.21399420265478,NA,NA,0.284737006788781,0.16484310102879,10,-2303.86381206138,4628.09987454578,0.935414660237257,0.106024834756465
"6",3.94556354226028,"+",0.0872428420435168,-1.06747268290913,0.568897524439421,0.270684015611995,-0.214923130534433,0.116106617045248,-0.0660386133156037,0.265525681771876,0.142446920361322,12,-2302.08223951891,4628.69419041302,1.52973052748257,0.0787686774224615
"7",3.94318325220831,"+",0.0768353604197452,-1.06167148096809,0.547683754779877,0.25167477418278,-0.243848120248488,NA,-0.073135630544561,0.280237630617101,NA,10,-2304.28964586754,4628.95154215809,1.78708227255174,0.0692580615570688
"8",3.9386921112979,"+",0.0688000880743308,-1.05278641720479,0.575240549123883,0.2651588040391,-0.216847407693848,NA,-0.0639256719509646,0.274294345356716,0.153958380068336,11,-2303.43187466982,4629.31120696676,2.14674708121947,0.057858891805688
"9",3.95194911347021,"+",0.0495691980757037,-1.0487220793796,0.631435099470187,0.29785598037301,NA,0.11621305756669,NA,0.297253345353423,0.204939730231011,10,-2305.10155081581,4630.57535205463,3.41089216908586,0.0307513717311741
